City,Lat,Lng,Max Temp,Humidity,Cloudiness,Windspeed,Country,Date
san patricio,28.017,-97.5169,69.01,100.0,90.0,4.61,US,1612956528.0
takoradi,4.8845,-1.7554,86.56,67.0,11.0,7.29,GH,1612956528.0
svetlogorsk,52.6333,29.7333,15.12,96.0,99.0,8.59,BY,1612956528.0
albany,42.6001,-73.9662,19.4,86.0,90.0,8.05,US,1612956528.0
airai,-8.9266,125.4092,62.98,100.0,99.0,1.97,TL,1612956528.0
minnedosa,50.2453,-99.8436,-23.8,76.0,1.0,10.36,CA,1612956528.0
ketchikan,55.3422,-131.6461,15.8,61.0,1.0,6.91,US,1612956528.0
namibe,-15.1961,12.1522,84.2,58.0,40.0,12.66,AO,1612956228.0
cape canaveral,28.4058,-80.6048,69.01,95.0,61.0,4.27,US,1612956528.0
rikitea,-23.1203,-134.9692,78.67,72.0,35.0,8.19,PF,1612956528.0
new norfolk,-42.7826,147.0587,57.0,47.0,0.0,1.52,AU,1612956528.0
atuona,-9.8,-139.0333,78.58,77.0,48.0,17.58,PF,1612956528.0
vila,42.0304,-8.1588,48.99,83.0,45.0,7.0,PT,1612956528.0
bubaque,11.2833,-15.8333,76.96,57.0,69.0,10.49,GW,1612956528.0
miram shah,33.0086,70.0697,70.27,22.0,0.0,9.73,PK,1612956529.0
luancheng,37.8792,114.6517,37.4,48.0,0.0,2.24,CN,1612956529.0
busselton,-33.65,115.3333,62.01,78.0,17.0,3.0,AU,1612956338.0
kavieng,-2.5744,150.7967,83.34,73.0,100.0,7.02,PG,1612956529.0
nguruka,-5.1092,31.0419,79.81,72.0,82.0,2.17,TZ,1612956529.0
husavik,66.0449,-17.3389,23.0,93.0,90.0,4.61,IS,1612956529.0
qaanaaq,77.484,-69.3632,7.59,68.0,0.0,12.06,GL,1612956529.0
mataura,-46.1927,168.8643,54.91,65.0,100.0,12.39,NZ,1612956529.0
boende,-0.2167,20.8667,96.21,29.0,24.0,3.04,CD,1612956529.0
jamestown,42.097,-79.2353,15.01,92.0,90.0,5.75,US,1612956268.0
chokurdakh,70.6333,147.9167,-9.31,88.0,99.0,3.78,RU,1612956529.0
san francisco,37.7749,-122.4194,51.8,82.0,75.0,4.61,US,1612956031.0
yellowknife,62.456,-114.3525,-11.0,70.0,90.0,16.11,CA,1612956529.0
ushuaia,-54.8,-68.3,62.6,67.0,0.0,6.91,AR,1612956529.0
caravelas,-17.7125,-39.2481,79.45,73.0,100.0,4.9,BR,1612956529.0
bethel,41.3712,-73.414,17.01,85.0,1.0,5.17,US,1612956529.0
altay,47.8667,88.1167,3.67,83.0,28.0,2.77,CN,1612956529.0
nikolskoye,59.7035,30.7861,10.99,85.0,75.0,6.71,RU,1612956530.0
esso,55.9333,158.7,12.34,90.0,73.0,5.35,RU,1612956530.0
lazarev,52.225,141.5131,16.32,91.0,100.0,24.58,RU,1612956530.0
chuy,-33.6971,-53.4616,72.05,80.0,0.0,7.4,UY,1612956530.0
kavaratti,10.5669,72.642,82.42,59.0,48.0,5.75,IN,1612956530.0
barrow,71.2906,-156.7887,-14.8,70.0,90.0,19.57,US,1612956530.0
butaritari,3.0707,172.7902,81.75,79.0,80.0,18.16,KI,1612956530.0
menongue,-14.6585,17.691,77.83,60.0,100.0,6.76,AO,1612956530.0
saskylakh,71.9167,114.0833,-21.41,82.0,0.0,12.8,RU,1612956530.0
lompoc,34.6391,-120.4579,46.4,93.0,40.0,3.44,US,1612956530.0
saint-philippe,-21.3585,55.7679,86.0,66.0,0.0,20.71,RE,1612956530.0
hobyo,5.3505,48.5268,81.93,64.0,21.0,22.77,SO,1612956530.0
bluff,-46.6,168.3333,53.85,90.0,100.0,33.71,NZ,1612956530.0
vaini,-21.2,-175.2,80.6,89.0,40.0,12.66,TO,1612956530.0
valdivia,-39.8142,-73.2459,55.4,100.0,0.0,3.31,CL,1612956292.0
palaikastron,35.2,26.25,63.48,60.0,0.0,2.98,GR,1612956531.0
cherskiy,68.75,161.3,-7.74,85.0,0.0,1.99,RU,1612956531.0
abonnema,4.7084,6.7931,91.4,62.0,75.0,4.61,NG,1612956531.0
guerrero negro,27.9769,-114.0611,54.9,83.0,28.0,9.17,MX,1612956411.0
that phanom,16.9364,104.7104,78.8,47.0,20.0,3.44,TH,1612956531.0
saint george,37.1041,-113.5841,48.2,40.0,1.0,3.44,US,1612956316.0
tulsipur,28.131,82.2973,68.67,41.0,85.0,5.03,NP,1612956531.0
sao filipe,14.8961,-24.4956,71.71,69.0,39.0,5.17,CV,1612956531.0
norman wells,65.282,-126.8329,-41.8,66.0,20.0,0.98,CA,1612956531.0
chernyshevskiy,63.0128,112.4714,-11.25,92.0,100.0,1.45,RU,1612956531.0
ahipara,-35.1667,173.1667,62.85,88.0,92.0,9.04,NZ,1612956531.0
avarua,-21.2078,-159.775,75.2,100.0,20.0,2.3,CK,1612956531.0
kapaa,22.0752,-159.319,69.8,56.0,90.0,14.97,US,1612956532.0
mahebourg,-20.4081,57.7,86.0,66.0,75.0,8.05,MU,1612956419.0
hofn,64.2539,-15.2082,28.4,93.0,75.0,4.61,IS,1612956532.0
carnarvon,-24.8667,113.6333,78.8,83.0,0.0,26.46,AU,1612956532.0
phan thiet,10.9333,108.1,76.32,77.0,18.0,10.11,VN,1612956476.0
lavrentiya,65.5833,-171.0,-17.59,78.0,0.0,7.11,RU,1612956532.0
kannangad,12.3081,75.1063,84.33,54.0,4.0,10.27,IN,1612956532.0
belmonte,-15.8631,-38.8828,75.2,88.0,40.0,3.44,BR,1612956532.0
xique-xique,-10.8218,-42.7263,75.72,74.0,39.0,16.42,BR,1612956532.0
hambantota,6.1241,81.1185,87.8,62.0,20.0,9.22,LK,1612956532.0
provideniya,64.3833,-173.3,-8.79,74.0,0.0,12.95,RU,1612956532.0
beloha,-25.1667,45.05,75.38,72.0,100.0,13.04,MG,1612956532.0
mazatlan,23.2167,-106.4167,59.0,93.0,1.0,5.75,MX,1612956342.0
katangli,51.7102,143.2326,15.62,95.0,100.0,19.33,RU,1612956532.0
la asuncion,11.0333,-63.8628,74.3,84.0,88.0,11.36,VE,1612956532.0
ribeira grande,38.5167,-28.7,59.0,88.0,40.0,20.71,PT,1612956533.0
cape town,-33.9258,18.4232,80.01,61.0,0.0,25.32,ZA,1612956533.0
bredasdorp,-34.5322,20.0403,80.6,50.0,20.0,5.75,ZA,1612956533.0
krasnoselkup,65.7,82.4667,-16.92,88.0,100.0,9.53,RU,1612956533.0
high rock,26.6208,-78.2833,66.2,100.0,20.0,4.61,BS,1612956533.0
clyde river,70.4692,-68.5914,1.4,92.0,90.0,28.77,CA,1612956533.0
hermanus,-34.4187,19.2345,87.01,52.0,1.0,4.0,ZA,1612956301.0
kudahuvadhoo,2.6708,72.8944,81.72,74.0,0.0,15.23,MV,1612956533.0
tiksi,71.6872,128.8694,-11.88,86.0,89.0,4.41,RU,1612956533.0
tuktoyaktuk,69.4541,-133.0374,-31.02,82.0,3.0,8.39,CA,1612956533.0
port alfred,-33.5906,26.891,81.0,81.0,60.0,1.99,ZA,1612956533.0
geraldton,-28.7667,114.6,68.0,60.0,0.0,24.16,AU,1612956533.0
ponta delgada,37.7333,-25.6667,62.01,88.0,20.0,18.41,PT,1612956533.0
kirakira,-10.4544,161.9205,81.03,79.0,100.0,4.09,SB,1612956533.0
nanortalik,60.1432,-45.2371,21.94,87.0,69.0,11.43,GL,1612956533.0
kahului,20.8947,-156.47,66.0,63.0,1.0,14.0,US,1612956534.0
victoria,22.2855,114.1577,63.0,88.0,100.0,3.0,HK,1612956300.0
kruisfontein,-34.0033,24.7314,82.99,63.0,0.0,14.0,ZA,1612956534.0
paamiut,61.994,-49.6678,23.85,82.0,94.0,10.33,GL,1612956534.0
faanui,-16.4833,-151.75,81.39,73.0,0.0,12.44,PF,1612956534.0
bandarbeyla,9.4942,50.8122,78.96,56.0,48.0,24.29,SO,1612956534.0
port elizabeth,-33.918,25.5701,80.6,61.0,0.0,12.66,ZA,1612956534.0
georgetown,5.4112,100.3354,89.6,62.0,20.0,8.05,MY,1612956534.0
ancud,-41.8697,-73.8203,57.99,85.0,14.0,3.58,CL,1612956534.0
puro,12.4841,123.3827,78.67,84.0,94.0,5.5,PH,1612956534.0
russell,32.3502,-85.1999,55.4,100.0,90.0,3.44,US,1612956534.0
nabire,-3.3667,135.4833,80.22,84.0,91.0,2.59,ID,1612956534.0
ginda,30.6945,78.4932,59.79,33.0,40.0,3.15,IN,1612956534.0
constitucion,-35.3333,-72.4167,61.3,83.0,0.0,2.77,CL,1612956534.0
pisco,-13.7,-76.2167,69.8,88.0,40.0,6.91,PE,1612956534.0
zemio,5.0314,25.1361,110.8,10.0,70.0,0.74,CF,1612956534.0
brae,60.3964,-1.353,37.4,65.0,40.0,2.3,GB,1612956535.0
yako,12.9667,-2.2667,94.41,8.0,5.0,13.0,BF,1612956535.0
yuza,39.0,139.9167,41.0,75.0,75.0,8.05,JP,1612956535.0
punta arenas,-53.15,-70.9167,55.4,82.0,0.0,3.44,CL,1612956408.0
soe,-9.8607,124.284,69.57,98.0,100.0,3.74,ID,1612956535.0
fortuna,40.5982,-124.1573,44.01,100.0,90.0,6.91,US,1612956398.0
ponta do sol,32.6667,-17.1,68.0,68.0,20.0,3.44,PT,1612956535.0
hobart,-42.8794,147.3294,57.2,67.0,0.0,8.05,AU,1612956287.0
teya,60.3778,92.6267,-4.5,87.0,100.0,5.95,RU,1612956535.0
ca mau,9.1769,105.15,80.35,72.0,87.0,4.99,VN,1612956535.0
talnakh,69.4865,88.3972,-8.55,85.0,2.0,5.77,RU,1612956535.0
vila franca do campo,37.7167,-25.4333,62.01,88.0,20.0,18.41,PT,1612956535.0
alice town,25.7167,-79.3,73.56,85.0,0.0,11.1,BS,1612956535.0
muros,42.7762,-9.0603,53.01,95.0,69.0,1.99,ES,1612956535.0
puerto ayora,-0.7393,-90.3518,75.99,94.0,38.0,5.23,EC,1612956535.0
solnechnyy,50.7214,136.6319,2.52,89.0,33.0,3.67,RU,1612956535.0
port moresby,-9.4431,147.1797,78.8,89.0,40.0,3.44,PG,1612956535.0
badarganj,25.674,89.0549,81.45,23.0,36.0,5.39,BD,1612956535.0
shamkhal,43.0596,47.3373,48.0,81.0,3.0,15.66,RU,1612956535.0
amot,59.5714,7.9877,12.2,73.0,40.0,2.48,NO,1612956536.0
bereslavka,48.6254,44.0449,30.2,93.0,75.0,2.24,RU,1612956536.0
west des moines,41.572,-93.7453,8.6,56.0,90.0,4.61,US,1612956536.0
filadelfia,39.9523,-75.1638,28.0,74.0,75.0,8.05,US,1612956336.0
alofi,-19.0595,-169.9187,77.0,100.0,100.0,4.61,NU,1612956536.0
fairbanks,64.8378,-147.7164,-16.01,69.0,90.0,4.07,US,1612956536.0
abaete,-19.16,-45.4458,68.58,91.0,37.0,4.16,BR,1612956536.0
pevek,69.7008,170.3133,-10.23,73.0,0.0,1.32,RU,1612956536.0
pandaria,22.2333,81.4167,88.81,12.0,9.0,6.29,IN,1612956536.0
camacha,33.0833,-16.3333,66.2,72.0,20.0,4.61,PT,1612956536.0
samarai,-10.6167,150.6667,83.35,75.0,100.0,13.69,PG,1612956536.0
telenesti,47.4997,28.3656,36.0,81.0,19.0,5.01,MD,1612956536.0
west bay,19.3667,-81.4167,78.01,83.0,75.0,5.75,KY,1612956536.0
tilichiki,60.4667,166.1,-0.06,93.0,75.0,10.85,RU,1612956536.0
kaitangata,-46.2817,169.8464,54.0,84.0,97.0,8.99,NZ,1612956537.0
sioux lookout,50.1001,-91.917,-27.4,75.0,75.0,3.83,CA,1612956537.0
panguna,-6.3164,155.4848,71.31,96.0,99.0,0.87,PG,1612956537.0
xiaoweizhai,26.1903,107.5125,49.21,87.0,77.0,2.98,CN,1612956537.0
newport,51.5877,-2.9984,35.01,78.0,46.0,17.56,GB,1612956422.0
grand gaube,-20.0064,57.6608,86.0,65.0,17.0,8.01,MU,1612956537.0
san clemente,33.427,-117.612,55.0,87.0,28.0,1.83,US,1612956537.0
mathbaria,22.2876,89.9593,81.09,27.0,22.0,6.8,BD,1612956537.0
doha,25.2867,51.5333,82.99,47.0,0.0,9.22,QA,1612956338.0
talant,47.3369,5.0089,30.99,93.0,75.0,10.36,FR,1612956537.0
hamilton,39.1834,-84.5333,21.2,73.0,90.0,6.91,US,1612956537.0
kisiwani,-4.1333,37.95,74.43,71.0,100.0,2.68,TZ,1612956537.0
usolye,59.4268,56.6808,-13.0,75.0,87.0,2.82,RU,1612956537.0
mgachi,51.05,142.2667,15.3,94.0,100.0,15.01,RU,1612956537.0
ust-nera,64.5667,143.2,5.32,79.0,100.0,7.07,RU,1612956537.0
ust-uda,54.1742,103.0304,9.21,92.0,99.0,4.56,RU,1612956537.0
narasannapeta,18.4167,84.05,79.36,50.0,0.0,11.77,IN,1612956538.0
miura,35.14,139.6192,48.2,61.0,75.0,4.61,JP,1612956538.0
kedougou,12.5579,-12.1743,87.8,18.0,4.0,6.91,SN,1612956538.0
tiarei,-17.5333,-149.3333,75.2,73.0,40.0,4.61,PF,1612956538.0
ilulissat,69.2167,-51.1,14.0,41.0,1.0,17.27,GL,1612956538.0
vestmanna,62.1564,-7.1664,28.4,69.0,33.0,5.75,FO,1612956538.0
necochea,-38.5473,-58.7368,62.01,91.0,19.0,3.0,AR,1612956538.0
kotido,2.9806,34.1331,86.81,27.0,61.0,13.02,UG,1612956538.0
lorengau,-2.0226,147.2712,79.65,81.0,100.0,6.2,PG,1612956538.0
silver city,32.7701,-108.2803,44.01,38.0,1.0,9.22,US,1612956538.0
seymchan,62.8833,152.4333,0.0,89.0,100.0,12.84,RU,1612956538.0
price,39.5994,-110.8107,35.6,75.0,90.0,4.61,US,1612956538.0
katsuura,35.1333,140.3,48.2,61.0,75.0,4.61,JP,1612956538.0
tautira,-17.7333,-149.15,75.2,73.0,40.0,4.61,PF,1612956538.0
cabo san lucas,22.8909,-109.9124,60.01,63.0,1.0,1.99,MX,1612956472.0
luganville,-15.5333,167.1667,78.62,79.0,47.0,3.71,VU,1612956538.0
waipawa,-41.4122,175.5153,62.01,77.0,100.0,14.97,NZ,1612956539.0
kropotkin,45.4375,40.5756,50.76,84.0,99.0,5.03,RU,1612956539.0
biak,-0.9131,122.8766,79.43,82.0,66.0,2.93,ID,1612956539.0
shelburne,44.0787,-80.2041,10.0,90.0,76.0,8.1,CA,1612956539.0
portland,45.5234,-122.6762,34.0,75.0,90.0,0.63,US,1612956382.0
stephenville,32.2207,-98.2023,30.2,93.0,90.0,8.05,US,1612956539.0
ferrol,43.4832,-8.2369,55.0,66.0,75.0,10.36,ES,1612956539.0
vardo,70.3705,31.1107,21.2,73.0,75.0,26.46,NO,1612956539.0
east london,-33.0153,27.9116,78.8,78.0,40.0,9.22,ZA,1612956539.0
kodiak,57.79,-152.4072,37.4,75.0,90.0,16.11,US,1612956539.0
hithadhoo,-0.6,73.0833,82.09,78.0,19.0,16.04,MV,1612956539.0
hanko,59.8333,22.95,17.01,59.0,94.0,10.0,FI,1612956539.0
wanning,18.8003,110.3967,65.84,86.0,89.0,9.57,CN,1612956539.0
port keats,-14.25,129.55,82.11,80.0,88.0,6.91,AU,1612956539.0
polunochnoye,60.8697,60.4153,-10.79,86.0,0.0,3.8,RU,1612956539.0
isla vista,34.4133,-119.861,48.99,87.0,1.0,4.05,US,1612956425.0
mogadishu,2.0371,45.3438,84.2,58.0,0.0,23.02,SO,1612956312.0
bichura,50.5881,107.6022,19.98,94.0,99.0,3.06,RU,1612956540.0
tura,25.5198,90.2201,72.72,34.0,7.0,3.89,IN,1612956540.0
ferme-neuve,46.7001,-75.4493,-5.8,84.0,5.0,1.14,CA,1612956540.0
te anau,-45.4167,167.7167,49.84,86.0,100.0,8.21,NZ,1612956540.0
labuan,5.2767,115.2417,82.0,83.0,20.0,2.3,MY,1612956540.0
pochutla,15.7432,-96.4661,69.01,77.0,6.0,2.73,MX,1612956540.0
sitka,57.0531,-135.33,12.2,57.0,1.0,5.75,US,1612956540.0
saldanha,-33.0117,17.9442,84.2,68.0,0.0,17.27,ZA,1612956540.0
faya,18.3851,42.4509,68.0,26.0,20.0,6.91,SA,1612956540.0
rio cuarto,-33.1307,-64.3499,63.0,88.0,40.0,8.05,AR,1612956540.0
chateauroux,46.8167,1.7,32.0,93.0,90.0,12.66,FR,1612956345.0
saint-joseph,-21.3667,55.6167,86.0,66.0,0.0,20.71,RE,1612956540.0
auki,-8.7676,160.7034,80.42,82.0,97.0,8.5,SB,1612956540.0
bemidji,47.4736,-94.8803,-18.4,76.0,1.0,5.75,US,1612956540.0
dalby,-27.1833,151.2667,69.8,64.0,0.0,13.8,AU,1612956541.0
dikson,73.5069,80.5464,-21.21,89.0,100.0,10.36,RU,1612956541.0
nemuro,43.3236,145.575,24.33,95.0,45.0,9.22,JP,1612956541.0
broome,42.2506,-75.833,15.8,79.0,90.0,9.22,US,1612956541.0
meulaboh,4.1363,96.1285,83.03,79.0,71.0,4.83,ID,1612956541.0
dudinka,69.4058,86.1778,-14.04,90.0,76.0,3.76,RU,1612956421.0
kysyl-syr,63.8986,122.7617,-19.17,87.0,29.0,7.07,RU,1612956541.0
kedrovyy,56.1667,91.8167,6.8,72.0,75.0,6.71,RU,1612956541.0
jacareacanga,-6.2222,-57.7528,72.81,98.0,100.0,1.86,BR,1612956541.0
periyanegamam,10.7333,77.1,86.0,23.0,20.0,9.22,IN,1612956541.0
ostrovnoy,68.0531,39.5131,7.02,93.0,91.0,16.71,RU,1612956541.0
lazaro cardenas,17.9583,-102.2,69.73,85.0,41.0,4.85,MX,1612956541.0
mount gambier,-37.8333,140.7667,66.2,52.0,0.0,3.44,AU,1612956541.0
touros,-5.1989,-35.4608,82.4,74.0,40.0,6.91,BR,1612956542.0
sale,34.0389,-6.8166,64.4,72.0,40.0,9.22,MA,1612956542.0
hilo,19.7297,-155.09,73.4,46.0,75.0,16.11,US,1612956542.0
taree,-31.9,152.4667,64.99,100.0,90.0,4.61,AU,1612956542.0
borovskoy,53.8,64.15,-8.46,87.0,28.0,4.72,KZ,1612956542.0
bambous virieux,-20.3428,57.7575,86.0,66.0,75.0,8.05,MU,1612956542.0
san cristobal,7.7669,-72.225,73.4,88.0,75.0,6.91,VE,1612956542.0
changli,39.7042,119.1506,39.99,81.0,0.0,6.58,CN,1612956542.0
warrington,53.3925,-2.5802,37.99,60.0,32.0,11.5,GB,1612956542.0
tevriz,57.509,72.4042,-13.18,87.0,11.0,4.83,RU,1612956542.0
kanniyakumari,8.0833,77.5667,83.26,51.0,66.0,21.25,IN,1612956543.0
bati,11.1833,40.0167,70.59,35.0,56.0,11.61,ET,1612956543.0
labuhan,-6.8844,112.2051,80.13,86.0,100.0,7.29,ID,1612956544.0
hasaki,35.7333,140.8333,37.4,81.0,75.0,3.44,JP,1612956544.0
caruray,10.3094,119.0128,80.6,89.0,20.0,4.61,PH,1612956544.0
yanji,42.9075,129.5078,26.02,93.0,95.0,5.57,CN,1612956544.0
cabadiangan,9.7531,122.4739,79.86,75.0,46.0,2.48,PH,1612956544.0
ipilan,8.8431,117.9033,79.56,80.0,48.0,0.98,PH,1612956544.0
sinjai,-5.1241,120.253,80.76,76.0,40.0,3.02,ID,1612956544.0
changping,40.2186,116.2197,51.01,29.0,0.0,4.47,CN,1612956544.0
pentecoste,-3.7928,-39.2703,82.99,74.0,71.0,20.0,BR,1612956544.0
mirabad,30.4362,61.8383,77.27,17.0,0.0,5.99,AF,1612956544.0
naze,28.3667,129.4833,60.8,63.0,75.0,5.75,JP,1612956544.0
bjornevatn,69.6672,29.9847,15.8,86.0,40.0,14.97,NO,1612956544.0
flinders,-34.5833,150.8552,69.01,76.0,88.0,1.01,AU,1612956544.0
pangnirtung,66.1451,-65.7125,9.12,75.0,0.0,4.45,CA,1612956544.0
sokolo,14.7328,-6.1219,90.72,10.0,61.0,15.21,ML,1612956545.0
vanimo,-2.6741,141.3028,78.24,88.0,100.0,9.62,PG,1612956546.0
luoyang,34.6836,112.4536,55.0,99.0,0.0,7.36,CN,1612956546.0
bolshoye nagatkino,54.5196,47.9679,5.0,85.0,90.0,6.71,RU,1612956546.0
krasnogorsk,55.8225,37.3181,12.0,72.0,40.0,11.18,RU,1612956546.0
tabou,4.423,-7.3528,82.71,80.0,93.0,4.68,CI,1612956546.0
srednekolymsk,67.45,153.6833,-5.44,89.0,0.0,7.0,RU,1612956546.0
kasungu,-13.0333,33.4833,77.02,81.0,94.0,5.21,MW,1612956546.0
billings,45.7833,-108.5007,-4.0,84.0,90.0,3.44,US,1612956252.0
rabat,33.9911,-6.8401,64.4,72.0,40.0,9.22,MA,1612956311.0
tasiilaq,65.6145,-37.6368,8.6,61.0,20.0,3.44,GL,1612956546.0
manokwari,-0.8667,134.0833,79.7,85.0,100.0,12.24,ID,1612956546.0
santa fe,-31.6333,-60.7,68.0,92.0,93.0,1.99,AR,1612956546.0
oda,35.1833,132.5,46.4,61.0,75.0,11.5,JP,1612956546.0
upernavik,72.7868,-56.1549,8.65,78.0,0.0,4.03,GL,1612956546.0
amarante do maranhao,-5.5667,-46.7422,74.66,92.0,67.0,2.55,BR,1612956546.0
abha,18.2164,42.5053,68.0,26.0,20.0,6.91,SA,1612956546.0
mendoza,-32.8908,-68.8272,62.6,88.0,40.0,3.44,AR,1612956502.0
nantucket,41.2835,-70.0995,28.4,80.0,90.0,13.8,US,1612956319.0
marawi,7.9986,124.2928,77.0,90.0,99.0,5.99,PH,1612956547.0
wagar,16.1525,36.2032,93.42,22.0,1.0,6.58,SD,1612956309.0
kapoeta,4.7717,33.5903,100.49,18.0,89.0,14.09,SS,1612956312.0
saint-pierre,-21.3393,55.4781,86.0,66.0,0.0,20.71,RE,1612956547.0
bacolod,10.6667,122.95,79.61,80.0,70.0,0.76,PH,1612956399.0
longyearbyen,78.2186,15.6401,14.0,85.0,90.0,18.41,SJ,1612956547.0
surman,32.7567,12.5716,76.15,19.0,0.0,12.64,LY,1612956547.0
havelock,34.8791,-76.9013,44.01,87.0,45.0,5.01,US,1612956547.0
bengkulu,-3.8004,102.2655,75.36,90.0,100.0,3.38,ID,1612956547.0
clarksburg,39.2807,-80.3445,28.99,86.0,90.0,4.52,US,1612956547.0
saint john,45.2727,-66.0677,6.8,72.0,1.0,6.91,CA,1612956547.0
lake city,30.1897,-82.6393,62.6,100.0,90.0,1.7,US,1612956547.0
thompson,55.7435,-97.8558,-36.4,67.0,1.0,2.3,CA,1612956547.0
kuruman,-27.4524,23.4325,89.01,45.0,0.0,6.33,ZA,1612956547.0
xiuyan,40.2928,123.2744,32.41,87.0,0.0,4.0,CN,1612956547.0
isiolo,0.3546,37.5822,78.69,50.0,94.0,11.99,KE,1612956547.0
kupang,-10.1667,123.5833,80.4,83.0,100.0,7.58,ID,1612956548.0
kiunga,-6.1219,141.2906,75.63,92.0,92.0,1.88,PG,1612956548.0
mkushi,-13.6202,29.3939,68.74,90.0,99.0,3.13,ZM,1612956548.0
beringovskiy,63.05,179.3167,-15.56,88.0,10.0,11.23,RU,1612956548.0
gravdal,68.1214,13.5031,14.0,85.0,77.0,2.3,NO,1612956548.0
komsomolskiy,40.4272,71.7189,53.6,58.0,100.0,4.61,UZ,1612956548.0
ojojona,13.9339,-87.2958,57.2,94.0,20.0,4.52,HN,1612956549.0
bastrop,32.7562,-91.8724,44.6,100.0,90.0,3.44,US,1612956549.0
luderitz,-26.6481,15.1594,71.64,65.0,8.0,7.05,NA,1612956549.0
taft,31.7471,54.2088,73.4,13.0,75.0,2.3,IR,1612956549.0
sangin,32.0728,64.8359,66.97,25.0,0.0,4.36,AF,1612956549.0
chateau-gontier,47.8333,-0.7,32.0,74.0,75.0,12.66,FR,1612956549.0
wajir,1.7471,40.0573,95.0,28.0,20.0,13.82,KE,1612956549.0
mar del plata,-38.0023,-57.5575,66.99,72.0,75.0,11.5,AR,1612956465.0
ozinki,51.1786,49.6769,11.79,96.0,99.0,9.33,RU,1612956549.0
buraydah,26.326,43.975,69.8,49.0,0.0,2.93,SA,1612956375.0
dong hoi,17.4833,106.6,64.74,84.0,50.0,7.09,VN,1612956549.0
karratha,-20.7377,116.8463,89.1,47.0,0.0,23.64,AU,1612956549.0
aulnoye-aymeries,50.2014,3.8384,24.01,74.0,20.0,17.27,FR,1612956550.0
andenes,69.3143,16.1194,26.6,86.0,75.0,23.02,NO,1612956550.0
oistins,13.0667,-59.5333,77.0,65.0,40.0,18.41,BB,1612956550.0
high level,58.5169,-117.136,-18.4,76.0,90.0,10.36,CA,1612956301.0
saint-maximin-la-sainte-baume,43.4521,5.8622,57.0,44.0,64.0,11.99,FR,1612956550.0
ushtobe,45.2514,77.9838,20.44,96.0,100.0,8.08,KZ,1612956550.0
asosa,10.0667,34.5333,88.79,14.0,58.0,8.57,ET,1612956550.0
zhangye,38.9342,100.4517,41.61,54.0,100.0,5.1,CN,1612956550.0
viseu,40.661,-7.9097,52.0,79.0,65.0,10.0,PT,1612956347.0
taitung,22.7583,121.1444,66.2,94.0,90.0,2.3,TW,1612956550.0
talcahuano,-36.7167,-73.1167,57.2,100.0,90.0,4.61,CL,1612956550.0
kalanguy,51.0167,116.5167,8.64,92.0,59.0,2.73,RU,1612956550.0
vostok,46.4856,135.8833,-0.83,93.0,100.0,3.22,RU,1612956550.0
melfi,40.9965,15.6514,60.8,93.0,90.0,11.5,IT,1612956550.0
kieta,-6.2167,155.6333,80.92,79.0,100.0,5.84,PG,1612956550.0
henties bay,-22.116,14.2845,73.99,78.0,41.0,9.78,NA,1612956550.0
hervey bay,-25.2986,152.8535,73.99,73.0,0.0,3.0,AU,1612956550.0
pokoynoye,44.8097,44.2517,47.3,90.0,31.0,6.44,RU,1612956551.0
kerman,30.2832,57.0788,69.8,10.0,0.0,4.61,IR,1612956551.0
sawakin,19.1059,37.3321,80.67,62.0,22.0,12.26,SD,1612956551.0
magnolia,33.2671,-93.2393,39.99,93.0,90.0,8.05,US,1612956551.0
aksu,41.1231,80.2644,47.88,46.0,95.0,6.82,CN,1612956551.0
maiduguri,11.8464,13.1603,90.55,10.0,15.0,13.69,NG,1612956551.0
concepcion del uruguay,-32.4825,-58.2372,70.0,86.0,82.0,4.0,AR,1612956551.0
lebu,-37.6167,-73.65,59.41,86.0,0.0,1.61,CL,1612956552.0
dalvik,65.9702,-18.5286,23.0,93.0,90.0,4.61,IS,1612956552.0
ondjiva,-17.0667,15.7333,77.0,69.0,75.0,6.91,AO,1612956552.0
mango,27.9797,-82.3065,66.99,94.0,90.0,3.47,US,1612956552.0
cervo,43.6702,-7.4101,52.0,82.0,99.0,4.0,ES,1612956552.0
tahta,26.7693,31.5021,78.8,27.0,0.0,6.91,EG,1612956552.0
kununurra,-15.7667,128.7333,78.8,100.0,75.0,10.36,AU,1612956552.0
orumiyeh,37.5527,45.0761,57.2,33.0,0.0,6.91,IR,1612956552.0
bacalar,18.6667,-88.3833,71.17,94.0,4.0,3.09,MX,1612956552.0
never,46.9896,3.159,32.0,93.0,90.0,8.25,FR,1612956552.0
khatanga,71.9667,102.5,-12.26,85.0,29.0,9.93,RU,1612956552.0
korem,12.5058,39.5228,59.2,54.0,81.0,7.72,ET,1612956552.0
batagay-alyta,67.8006,130.4114,-17.05,77.0,12.0,1.5,RU,1612956552.0
atar,20.5169,-13.0499,80.15,14.0,50.0,15.9,MR,1612956552.0
zykovo,55.9519,93.1461,6.8,72.0,75.0,6.71,RU,1612956552.0
requena,39.4883,-1.1004,63.0,47.0,59.0,28.5,ES,1612956552.0
normandin,48.8333,-72.5321,1.4,84.0,100.0,6.91,CA,1612956552.0
bathsheba,13.2167,-59.5167,77.0,65.0,40.0,18.41,BB,1612956553.0
souillac,-20.5167,57.5167,86.0,66.0,75.0,8.05,MU,1612956553.0
malakal,9.5334,31.6605,101.71,10.0,94.0,5.03,SS,1612956553.0
lieksa,63.3167,30.0167,6.44,92.0,96.0,1.05,FI,1612956553.0
half moon bay,37.4636,-122.4286,50.0,93.0,75.0,7.81,US,1612956553.0
salym,60.0625,71.4789,-13.54,88.0,63.0,6.29,RU,1612956554.0
lianran,24.9227,102.485,55.99,61.0,0.0,6.71,CN,1612956554.0
port blair,11.6667,92.75,79.95,55.0,4.0,10.29,IN,1612956554.0
iralaya,15.0,-83.2333,74.66,84.0,99.0,5.26,HN,1612956554.0
lagoa,39.05,-27.9833,59.25,75.0,77.0,30.04,PT,1612956554.0
adre,13.4667,22.2,84.79,14.0,0.0,12.55,TD,1612956554.0
port lincoln,-34.7333,135.8667,75.07,46.0,8.0,7.29,AU,1612956554.0
palu,-0.8917,119.8707,79.02,80.0,94.0,0.16,ID,1612956399.0
karasjok,69.4719,25.5112,21.2,79.0,75.0,9.22,NO,1612956554.0
cidreira,-30.1811,-50.2056,75.18,79.0,36.0,11.81,BR,1612956554.0
the valley,18.217,-63.0578,75.99,83.0,40.0,11.5,AI,1612956554.0
gat,31.61,34.7642,73.0,41.0,9.0,1.01,IL,1612956555.0
zabol,32.25,67.25,54.0,38.0,0.0,14.18,AF,1612956555.0
barcelona,41.3888,2.159,55.99,62.0,20.0,13.8,ES,1612956555.0
alice springs,-23.7,133.8833,90.0,51.0,75.0,9.22,AU,1612956555.0
bereda,43.2686,-7.5406,48.0,85.0,100.0,8.99,ES,1612956555.0
ekibastuz,51.6667,75.3667,-13.02,86.0,79.0,12.08,KZ,1612956555.0
shelekhov,52.2139,104.1,19.4,93.0,75.0,13.42,RU,1612956555.0
manggar,-2.8833,108.2667,81.59,78.0,83.0,9.19,ID,1612956556.0
karachi,24.9056,67.0822,89.6,9.0,9.0,11.5,PK,1612956326.0
bhag,29.0415,67.8239,85.51,12.0,0.0,3.42,PK,1612956556.0
lagoa vermelha,-28.2086,-51.5258,61.54,89.0,66.0,5.95,BR,1612956556.0
leningradskiy,69.3833,178.4167,-27.45,83.0,59.0,11.86,RU,1612956556.0
sindou,10.6667,-5.1667,96.89,8.0,0.0,9.64,BF,1612956556.0
bayburt,40.2589,40.2278,36.32,92.0,57.0,2.3,TR,1612956272.0
jala,21.0833,-104.4333,54.1,68.0,0.0,2.77,MX,1612956556.0
lewisporte,49.2499,-55.0482,23.0,86.0,75.0,18.41,CA,1612956556.0
port augusta,-32.5,137.7667,84.99,34.0,0.0,12.66,AU,1612956557.0
denpasar,-8.65,115.2167,82.4,78.0,20.0,9.22,ID,1612956557.0
pryazha,61.6926,33.6216,3.2,85.0,75.0,2.24,RU,1612956557.0
suzun,53.7841,82.3116,-7.89,88.0,100.0,10.47,RU,1612956557.0
cosala,24.4125,-106.6908,56.08,65.0,0.0,2.19,MX,1612956557.0
coruripe,-10.1256,-36.1756,80.69,76.0,66.0,10.0,BR,1612956442.0
codrington,-38.2667,141.9667,62.64,75.0,0.0,7.63,AU,1612956557.0
kyra,49.5776,111.9753,16.97,90.0,100.0,1.66,RU,1612956558.0
okha,53.5739,142.9478,19.33,96.0,100.0,27.25,RU,1612956558.0
sur,22.5667,59.5289,77.27,43.0,100.0,12.3,OM,1612956558.0
san luis,-33.295,-66.3356,62.29,74.0,9.0,3.27,AR,1612956295.0
vao,-22.6667,167.4833,77.79,81.0,2.0,20.98,NC,1612956558.0
askino,56.0901,56.5783,-1.66,89.0,100.0,0.85,RU,1612956558.0
skjervoy,70.0311,20.9714,26.6,86.0,90.0,6.91,NO,1612956558.0
kirando,-7.4167,30.6,79.9,64.0,87.0,2.17,TZ,1612956558.0
egvekinot,66.3167,-179.1667,-21.12,77.0,0.0,12.66,RU,1612956558.0
panaba,21.2833,-88.2667,69.33,96.0,4.0,7.0,MX,1612956558.0
imbituba,-28.24,-48.6703,77.0,78.0,20.0,2.3,BR,1612956261.0
castro,-24.7911,-50.0119,59.02,93.0,99.0,6.89,BR,1612956558.0
isangel,-19.55,169.2667,80.73,75.0,21.0,12.57,VU,1612956558.0
acapulco,16.8634,-99.8901,72.32,82.0,1.0,4.99,MX,1612956558.0
raisen,23.3333,77.8,82.4,30.0,97.0,11.5,IN,1612956559.0
algeciras,36.1333,-5.4505,62.6,77.0,75.0,21.85,ES,1612956559.0
angoche,-16.2325,39.9086,88.23,63.0,70.0,6.78,MZ,1612956559.0
cassilandia,-19.1133,-51.7342,71.96,76.0,57.0,1.39,BR,1612956559.0
itoman,26.1247,127.6694,64.4,94.0,75.0,14.97,JP,1612956561.0
araouane,18.9048,-3.5265,79.5,13.0,0.0,13.76,ML,1612956561.0
aklavik,68.2191,-135.0107,-32.8,74.0,0.0,4.61,CA,1612956561.0
hami,42.8,93.45,37.58,65.0,42.0,7.9,CN,1612956561.0
sobolevo,54.4299,31.8996,7.66,94.0,95.0,8.59,RU,1612956561.0
nemencine,54.85,25.4833,16.0,79.0,75.0,6.91,LT,1612956561.0
qaqortoq,60.7167,-46.0333,30.2,27.0,20.0,27.63,GL,1612956561.0
pangoa,-12.1167,-73.0,68.54,96.0,100.0,2.21,PE,1612956561.0
klaksvik,62.2266,-6.589,28.4,69.0,56.0,5.75,FO,1612956561.0
padang,-0.9492,100.3543,86.0,70.0,20.0,4.61,ID,1612956561.0
samur,41.8253,48.486,53.94,67.0,6.0,11.77,RU,1612956561.0
buin,-33.7333,-70.75,68.0,94.0,0.0,1.43,CL,1612956561.0
tuatapere,-46.1333,167.6833,51.64,90.0,100.0,13.22,NZ,1612956561.0
aksum,14.1245,38.7244,74.32,23.0,36.0,5.35,ET,1612956561.0
alekseyevsk,57.8406,108.3492,8.64,93.0,100.0,6.29,RU,1612956561.0
san felipe,10.3399,-68.7425,67.59,90.0,92.0,3.24,VE,1612956561.0
alexandria,31.2156,29.9553,71.6,35.0,0.0,6.91,EG,1612956562.0
santa marta,11.2408,-74.199,81.0,83.0,75.0,14.34,CO,1612956433.0
grindavik,63.8424,-22.4338,35.6,87.0,75.0,6.91,IS,1612956562.0
luchenza,-16.0069,35.3095,84.2,61.0,40.0,16.11,MW,1612956562.0
samut sakhon,13.5833,100.3,87.01,49.0,57.0,6.44,TH,1612956562.0
santa vitoria do palmar,-33.5189,-53.3681,72.01,81.0,0.0,6.98,BR,1612956562.0
asau,46.4333,26.4,55.99,41.0,76.0,10.76,RO,1612956562.0
acari,-15.4311,-74.6158,69.67,78.0,80.0,1.34,PE,1612956562.0
mentougou,39.9392,116.0917,51.01,33.0,0.0,3.0,CN,1612956562.0
tevaitoa,-16.7833,-151.5,81.59,69.0,0.0,10.51,PF,1612956562.0
cazones,20.7167,-97.3167,69.15,95.0,59.0,1.68,MX,1612956562.0
stornoway,58.2093,-6.3865,36.0,51.0,40.0,11.5,GB,1612956562.0
bend,44.0582,-121.3153,35.01,86.0,1.0,6.22,US,1612956562.0
polonnaruwa,7.9333,81.0,78.03,68.0,11.0,9.53,LK,1612956562.0
la ronge,55.1001,-105.2842,-23.8,76.0,100.0,4.61,CA,1612956562.0
praya,14.9215,-23.5087,73.4,60.0,0.0,21.85,CV,1612956562.0
natuba,-7.6414,-35.55,77.0,78.0,40.0,11.5,BR,1612956562.0
santa teresa,10.2341,-66.6631,75.2,83.0,20.0,1.57,VE,1612956562.0
esperance,-33.8667,121.9,62.6,67.0,33.0,14.97,AU,1612956563.0
christchurch,-43.5333,172.6333,55.0,71.0,0.0,6.91,NZ,1612956392.0
bojnurd,37.4747,57.329,64.4,19.0,0.0,13.8,IR,1612956563.0
erenhot,43.6475,111.9767,29.64,88.0,64.0,10.02,CN,1612956563.0
hudiksvall,61.729,17.1036,13.62,95.0,99.0,11.01,SE,1612956563.0
ambilobe,-13.2,49.05,84.81,76.0,50.0,4.54,MG,1612956564.0
ocu,35.0044,135.8683,46.99,61.0,70.0,1.99,JP,1612956563.0
mandalgovi,45.7625,106.2708,29.46,77.0,62.0,10.96,MN,1612956564.0
quelimane,-17.8786,36.8883,80.6,74.0,75.0,7.7,MZ,1612956564.0
pacific grove,36.6177,-121.9166,52.0,87.0,90.0,4.61,US,1612956564.0
mulege,26.8833,-111.9833,57.63,58.0,0.0,4.88,MX,1612956564.0
majene,-3.5403,118.9707,80.89,80.0,49.0,3.09,ID,1612956564.0
makakilo city,21.3469,-158.0858,66.2,59.0,1.0,4.61,US,1612956564.0
culfa,38.9558,45.6308,62.6,29.0,75.0,1.99,AZ,1612956564.0
newala,-10.9431,39.2787,77.13,92.0,91.0,8.81,TZ,1612956564.0
anito,12.4497,125.2886,78.57,87.0,90.0,8.43,PH,1612956564.0
chapais,49.7834,-74.8492,-20.2,76.0,1.0,3.44,CA,1612956565.0
mama,58.3106,112.8986,16.56,91.0,100.0,4.47,RU,1612956565.0
tutoia,-2.7619,-42.2744,84.2,74.0,40.0,10.36,BR,1612956565.0
phitsanulok,16.9167,100.5,82.99,44.0,0.0,5.75,TH,1612956565.0
cabedelo,-6.9811,-34.8339,82.4,78.0,40.0,5.75,BR,1612956492.0
ewo,-0.8725,14.8206,91.49,45.0,95.0,4.81,CG,1612956565.0
blackwater,-23.5833,148.8833,77.04,64.0,95.0,14.94,AU,1612956565.0
iqaluit,63.7506,-68.5145,3.2,85.0,75.0,3.44,CA,1612956566.0
port hardy,50.6996,-127.4199,30.2,64.0,75.0,11.5,CA,1612956538.0
andrychow,49.855,19.3383,28.99,48.0,93.0,3.58,PL,1612956566.0
guaruja,-23.9931,-46.2564,75.2,88.0,20.0,2.01,BR,1612956278.0
zabaykalsk,49.6333,117.3167,11.62,94.0,100.0,3.8,RU,1612956566.0
severo-kurilsk,50.6789,156.125,23.52,89.0,68.0,5.82,RU,1612956566.0
adrar,20.5022,-10.0711,75.42,16.0,9.0,12.3,MR,1612956566.0
vila velha,-20.3297,-40.2925,79.0,78.0,0.0,1.14,BR,1612956566.0
nkan,0.3833,9.7833,87.8,74.0,20.0,5.75,GA,1612956566.0
kencong,-8.2833,113.3667,78.37,87.0,100.0,3.11,ID,1612956566.0
saint anthony,45.0205,-93.218,-0.4,65.0,90.0,4.61,US,1612956567.0
poya,-21.35,165.15,74.7,83.0,29.0,4.18,NC,1612956567.0
orimattila,60.8049,25.7296,12.0,92.0,100.0,2.26,FI,1612956567.0
pirovskoye,57.6267,92.2658,-0.51,92.0,100.0,5.79,RU,1612956567.0
gornopravdinsk,60.05,69.9,-17.52,87.0,54.0,5.06,RU,1612956567.0
narsaq,60.9167,-46.05,30.2,27.0,20.0,27.63,GL,1612956567.0
silute,55.3489,21.4831,14.95,95.0,99.0,9.08,LT,1612956567.0
kozhva,65.1073,57.0459,-10.64,90.0,97.0,3.38,RU,1612956567.0
upata,8.0086,-62.3989,65.3,94.0,12.0,2.77,VE,1612956567.0
coahuayana,18.7333,-103.6833,63.99,85.0,1.0,3.49,MX,1612956567.0
yulara,-25.2406,130.9889,95.0,36.0,40.0,6.91,AU,1612956567.0
keffi,8.8486,7.8736,93.2,36.0,11.0,5.75,NG,1612956567.0
timon,-5.0942,-42.8367,78.8,89.0,75.0,2.48,BR,1612956567.0
moerai,-22.4333,-151.3333,80.29,71.0,1.0,12.39,PF,1612956567.0
cap malheureux,-19.9842,57.6142,84.99,65.0,15.0,13.0,MU,1612956567.0
sao joao da barra,-21.6403,-41.0511,75.2,83.0,0.0,6.91,BR,1612956568.0
nuuk,64.1835,-51.7216,24.8,93.0,75.0,4.61,GL,1612956568.0
rhyl,53.3196,-3.4886,35.01,78.0,33.0,10.0,GB,1612956568.0
akcakoca,41.0866,31.1162,61.63,53.0,53.0,12.03,TR,1612956433.0
korla,41.7597,86.1469,39.72,61.0,61.0,3.87,CN,1612956568.0
filingue,14.3521,3.3168,90.54,10.0,0.0,12.97,NE,1612956568.0
qidong,31.8128,121.6561,52.0,80.0,100.0,3.0,CN,1612956568.0
inhambupe,-11.7844,-38.3531,79.72,66.0,1.0,7.36,BR,1612956568.0
zinder,13.8072,8.9881,89.6,9.0,0.0,11.5,NE,1612956568.0
torbay,47.6666,-52.7314,26.01,86.0,75.0,31.07,CA,1612956568.0
kawalu,-7.3817,108.2082,76.46,87.0,90.0,1.81,ID,1612956568.0
puerto del rosario,28.5004,-13.8627,66.2,82.0,40.0,5.75,ES,1612956568.0
udachnyy,66.4167,112.4,-14.08,87.0,100.0,7.05,RU,1612956568.0
bugene,-1.5911,31.1403,79.41,42.0,86.0,4.79,TZ,1612956569.0
marsh harbour,26.5412,-77.0636,73.15,80.0,0.0,5.39,BS,1612956569.0
pringsewu,-5.3582,104.9744,79.05,86.0,100.0,0.56,ID,1612956351.0
mineros,-17.1167,-63.2333,69.8,83.0,90.0,16.11,BO,1612956569.0
kontagora,10.3999,5.4695,96.01,9.0,0.0,8.19,NG,1612956569.0
haines junction,60.7522,-137.5108,-40.0,60.0,60.0,1.14,CA,1612956569.0
shu,43.5983,73.7614,33.03,99.0,100.0,1.95,KZ,1612956569.0
lasa,46.6166,10.7002,39.2,93.0,75.0,2.3,IT,1612956569.0
xining,36.6167,101.7667,38.84,54.0,100.0,1.52,CN,1612956569.0
luanda,-8.8368,13.2343,86.0,66.0,40.0,8.05,AO,1612956305.0
tezu,27.9167,96.1667,73.31,25.0,8.0,1.5,IN,1612956569.0
verkhnyaya inta,65.9811,60.3094,-18.47,87.0,97.0,6.96,RU,1612956569.0
catuday,16.2923,119.8062,79.61,79.0,92.0,0.56,PH,1612956569.0
bousse,12.6606,-1.8922,93.2,7.0,0.0,13.8,BF,1612956569.0
guarda,40.5373,-7.2658,52.0,79.0,58.0,10.0,PT,1612956569.0
dicabisagan,17.0818,122.4157,74.77,87.0,98.0,1.41,PH,1612956569.0
nisia floresta,-6.0911,-35.2086,84.2,70.0,40.0,14.97,BR,1612956570.0
boa vista,2.8197,-60.6733,73.4,78.0,40.0,10.36,BR,1612956309.0
parakai,-36.65,174.4333,62.01,87.0,99.0,5.01,NZ,1612956570.0
normal,40.5142,-88.9906,8.01,78.0,90.0,14.97,US,1612956570.0
arraial do cabo,-22.9661,-42.0278,75.2,83.0,20.0,3.44,BR,1612956570.0
kenai,60.5544,-151.2583,10.99,79.0,90.0,12.66,US,1612956570.0
mattawa,46.7379,-119.9028,19.4,79.0,1.0,4.12,US,1612956570.0
conyers,33.6676,-84.0177,44.01,100.0,1.0,3.24,US,1612956570.0
raga,8.4596,25.678,99.18,10.0,95.0,3.56,SS,1612956570.0
payo,-3.7508,103.6372,78.51,92.0,100.0,1.66,ID,1612956570.0
wasilla,61.5814,-149.4394,6.8,78.0,90.0,0.4,US,1612956348.0
kushima,31.4583,131.2333,55.4,30.0,75.0,13.8,JP,1612956571.0
kangaatsiaq,68.3065,-53.4641,10.65,88.0,0.0,13.0,GL,1612956571.0
salalah,17.0151,54.0924,84.2,24.0,0.0,13.8,OM,1612956571.0
nouadhibou,20.931,-17.0347,68.0,56.0,0.0,16.11,MR,1612956571.0
maridi,4.9158,29.4742,103.08,13.0,97.0,4.32,SS,1612956571.0
redmond,47.674,-122.1215,30.0,92.0,59.0,1.72,US,1612956328.0
linhares,-19.3911,-40.0722,77.31,83.0,55.0,2.37,BR,1612956571.0
yaan,7.3833,8.5667,98.98,22.0,51.0,4.32,NG,1612956571.0
merauke,-8.4667,140.3333,81.9,80.0,99.0,2.55,ID,1612956571.0
araure,9.5601,-69.2148,69.8,83.0,40.0,4.61,VE,1612956571.0
qui nhon,13.7667,109.2333,72.05,83.0,6.0,17.54,VN,1612956571.0
chara,56.9064,118.2631,12.7,89.0,83.0,0.65,RU,1612956571.0
atocha,-20.9333,-66.2333,44.87,78.0,50.0,3.87,BO,1612956571.0
san carlos de bariloche,-41.1456,-71.3082,64.99,67.0,0.0,6.91,AR,1612956572.0
teguldet,57.3064,88.1667,-3.84,91.0,100.0,6.06,RU,1612956572.0
dolores,-36.3132,-57.6792,65.07,79.0,28.0,11.21,AR,1612956572.0
dingle,10.9995,122.6711,77.45,87.0,71.0,1.88,PH,1612956572.0
port hedland,-20.3167,118.5667,84.2,74.0,22.0,12.66,AU,1612956572.0
sturgis,41.7992,-85.4192,12.99,85.0,90.0,2.71,US,1612956573.0
san ramon,37.7799,-121.978,48.99,93.0,1.0,6.91,US,1612956573.0
hirara,24.8,125.2833,66.2,94.0,75.0,13.8,JP,1612956573.0
meadow lake,34.8014,-106.5436,42.8,24.0,90.0,5.75,US,1612956573.0
nago,26.5881,127.9761,64.4,82.0,90.0,17.27,JP,1612956573.0
sanchez,19.2281,-69.6137,71.6,88.0,75.0,5.86,DO,1612956575.0
huallanca,-9.8993,-76.9417,42.19,75.0,93.0,3.13,PE,1612956575.0
kodinsk,58.6881,99.1844,1.47,91.0,100.0,4.92,RU,1612956575.0
hanna,51.6334,-111.9018,-23.01,73.0,37.0,8.99,CA,1612956575.0
havre-saint-pierre,50.2334,-63.5986,-0.4,60.0,1.0,13.8,CA,1612956575.0
maun,-19.9833,23.4167,84.2,70.0,40.0,12.66,BW,1612956575.0
mount isa,-20.7333,139.5,89.6,55.0,85.0,8.05,AU,1612956575.0
axim,4.8699,-2.2405,86.25,67.0,3.0,7.85,GH,1612956575.0
ovalle,-30.5983,-71.2003,59.45,80.0,1.0,0.6,CL,1612956575.0
el tigre,8.8875,-64.2454,68.9,86.0,68.0,10.85,VE,1612956575.0
mineiros,-17.5694,-52.5511,70.07,79.0,88.0,2.21,BR,1612956575.0
bilibino,68.0546,166.4372,-8.14,87.0,0.0,3.0,RU,1612956576.0
tabas,33.5959,56.9244,71.6,23.0,23.0,2.3,IR,1612956576.0
basco,20.4487,121.9702,74.46,88.0,100.0,23.31,PH,1612956576.0
lensk,60.7253,114.9278,12.04,93.0,100.0,5.77,RU,1612956576.0
ganzhou,28.8184,115.4327,52.3,93.0,100.0,4.54,CN,1612956577.0
envira,-7.3,-70.2167,72.12,99.0,100.0,0.89,BR,1612956577.0
manzhouli,49.6,117.4333,11.57,94.0,100.0,3.33,CN,1612956577.0
avera,33.194,-82.5271,53.6,92.0,90.0,4.14,US,1612956577.0
saurimo,-9.6608,20.3916,80.6,74.0,75.0,6.91,AO,1612956577.0
siocon,7.7061,122.1353,79.41,83.0,38.0,2.59,PH,1612956577.0
trelew,-43.249,-65.3051,70.97,43.0,9.0,26.15,AR,1612956457.0
roros,62.5747,11.3842,14.0,57.0,20.0,2.3,NO,1612956578.0
sulphur springs,33.1385,-95.6011,32.0,100.0,90.0,9.22,US,1612956578.0
taoudenni,22.6783,-3.9836,78.44,15.0,0.0,8.48,ML,1612956578.0
cumberland,35.0502,-78.8664,51.01,87.0,90.0,10.36,US,1612956578.0
ruwi,23.5996,58.5507,80.6,36.0,75.0,8.05,OM,1612956578.0
pokrovsk,48.282,37.1758,35.89,100.0,100.0,13.76,UA,1612956578.0
kikwit,-5.041,18.8162,90.54,48.0,87.0,7.02,CD,1612956578.0
samandag,36.0842,35.9771,66.2,59.0,40.0,4.61,TR,1612956579.0
chambishi,-12.6325,28.0537,72.73,89.0,100.0,3.47,ZM,1612956579.0
